EFLmutant,,,,,,,,,,,,,,HWOmutant,,,,,,,,,,,,,,PTWmutant,,,,,,,,,,,,,,SOCmutant,,,,,,,,,,,,,,STSmutant,,,,,,,,,,,,,
original_1,mutant_1,original_10,mutant_10,original_100,mutant_100,original_1000,mutant_1000,original_10000,mutant_10000,original_100000,mutant_100000,original_1000000,mutant_1000000,original_1,mutant_1,original_10,mutant_10,original_100,mutant_100,original_1000,mutant_1000,original_10000,mutant_10000,original_100000,mutant_100000,original_1000000,mutant_1000000,original_1,mutant_1,original_10,mutant_10,original_100,mutant_100,original_1000,mutant_1000,original_10000,mutant_10000,original_100000,mutant_100000,original_1000000,mutant_1000000,original_1,mutant_1,original_10,mutant_10,original_100,mutant_100,original_1000,mutant_1000,original_10000,mutant_10000,original_100000,mutant_100000,original_1000000,mutant_1000000,original_1,mutant_1,original_10,mutant_10,original_100,mutant_100,original_1000,mutant_1000,original_10000,mutant_10000,original_100000,mutant_100000,original_1000000,mutant_1000000
448.8803,447.5508,446.0144,448.5051,448.8869,447.2311,446.1736,446.8878,436.3264,432.4203,350.8322,335.9657,121.8844,114.5786,447.4762,394.7868896,447.3484,388.9986632,449.2691,388.5734446,448.0628,364.8612268,442.3837,352.5398634,392.039,304.4147797,196.4124,160.6811,448.4213,447.1217,448.7433,447.2997,447.491,447.4065,444.3102,446.0093,439.8774,416.9522,397.5164,288.6228,197.9349,74.76853,351.9541719,298.2435,352.68228,297.866,349.775073,298.1783,351.5301983,297.9625,349.1172039,295.9147,331.3769936,276.6316,202.3560157,165.9472,447.3982,447.0171,447.9888,447.2294,446.7905,445.1342,444.2015,439.905,404.0588,376.4357,211.642,198.1111,20.1852,15.45706
448.3951,447.855,447.0299,448.7132,448.0914,446.7017,447.6288,446.6363,435.8273,433.0105,352.141,338.2576,122.0974,114.056,448.9562,389.7172597,448.7131,392.1888303,448.8594,384.8049075,448.2689,367.5487969,442.5432,350.4255624,391.4802,304.9947225,195.2708,161.0549,447.6332,446.9999,448.2785,447.9089,448.3478,446.4298,447.4636,445.9451,440.3071,424.2186,395.0708,290.2573,194.9805,74.24675,354.1928662,298.3531,351.7430728,297.9081,352.7912163,298.5834,354.368978,298.2703,346.3597011,295.6877,329.5352732,276.4836,201.9912186,166.3876,447.7756,447.5664,448.1148,446.8523,447.7467,445.5412,444.9138,437.7736,406.0937,373.7307,214.0143,200.6771,20.13005,15.12676
449.5712,447.1366,446.4643,448.8042,447.8171,446.9926,446.6537,446.4306,434.4501,427.9948,352.8632,336.6991,121.7937,113.8392,449.1655,390.457566,449.2048,394.0968279,449.2919,387.4233981,447.7923,364.227292,441.8445,350.2914646,393.2725,302.2295086,195.8442,160.7467,448.1083,446.6967,448.2208,449.4163,446.6003,446.6616,447.8606,445.1653,440.1237,422.025,395.9128,292.7703,198.4922,74.76947,353.9238769,297.6151,347.8726255,295.6768,350.4892855,297.6605,352.3064243,298.2463,343.5558684,295.0573,324.8210555,275.1788,201.9996453,166.643,444.8636,441.8916,447.3041,448.7185,448.6388,447.3104,444.6064,437.8019,408.202,375.2519,213.1474,198.591,20.36541,15.23009
449.2286,448.0756,446.7159,445.6883,448.0466,445.4877,446.5652,446.3631,436.0429,430.1669,352.6954,337.6579,123.1462,113.104,449.5619,393.7615804,448.4875,392.2096818,448.7504,389.5754346,448.7392,369.0211991,441.365,354.3582784,393.6068,306.2925772,196.9549,160.8963,449.0506,445.7302,448.0723,447.8373,447.7229,447.5169,446.5245,445.808,441.1085,423.0881,396.3169,291.1448,199.0309,74.259,351.4501039,297.5768,350.2313869,298.0439,350.7192024,298.076,353.3995771,298.6408,347.5205641,296.4459,327.2459215,275.7427,201.195796,165.3578,448.2757,447.4304,443.4605,440.2168,449.5089,447.9478,442.3657,435.8356,404.5228,374.2705,211.6525,199.6566,20.24724,15.68141
447.2506,447.0167,445.7977,446.7535,447.6992,446.0243,446.193,443.6038,435.2729,431.718,350.9014,338.9126,122.6445,113.2673,448.512,391.0864972,447.5652,389.6343147,447.6432,391.9551595,448.8578,369.6119677,440.9622,354.8923332,392.8606,304.8645063,195.8757,160.9223,448.66,445.9031,447.9226,446.6654,448.2979,446.7855,446.8456,444.6435,440.9478,423.3842,394.2455,289.8318,199.2965,74.29689,354.9065363,298.3185,351.5394042,297.9097,350.4377241,298.677,350.1714175,298.0715,343.5734615,295.3362,330.5047409,276.7606,200.113856,166.5589,447.6673,447.8718,447.3081,447.0306,447.8729,447.0923,442.3447,436.1873,404.839,374.4848,212.212,200.601,19.99742,15.00294
446.9856,448.7926,446.534,446.6619,447.2891,446.5606,447.3772,443.0125,434.911,430.4337,353.2656,333.724,122.5225,109.592,449.1471,392.5946954,445.2952,388.5244368,448.3228,388.5581126,447.2391,366.7514468,440.6875,353.1517991,392.1063,303.8238963,194.8228,160.6529,449.3963,446.8519,448.3189,448.0647,446.8993,447.512,447.5503,447.4841,440.7335,423.2721,396.157,288.8533,197.3873,74.08711,354.6200442,298.4565,351.7649137,298.9114,355.052753,298.469,352.8892043,298.4592,348.0198676,295.2699,324.4873523,274.952,199.1699392,165.289,446.4591,448.7005,443.9797,447.9922,447.4322,448.0864,445.0053,438.2454,409.0765,376.937,211.7567,200.1204,19.94271,15.20352
444.0405,446.8149,444.3843,446.6737,448.5147,447.0455,447.5614,444.4918,435.3141,424.0784,351.4562,337.1808,123.0239,112.5395,449.6117,391.3639747,445.8967,390.1031091,448.91,388.2690857,448.2555,364.7745225,441.8417,351.2414543,393.3136,306.4309961,195.8875,161.0371,447.8691,447.3813,447.7062,448.9237,449.1972,446.3684,447.9217,445.8878,440.8585,423.2047,396.7043,289.7743,196.4191,74.58257,354.4953244,298.1207,353.2207659,298.8028,355.5927407,298.8551,349.7581022,297.8363,347.6922188,296.1578,328.7461751,276.0972,200.8198924,165.3206,447.8773,448.7172,443.6804,447.7652,446.8823,448.3358,443.3839,437.0524,407.824,378.1291,211.4006,200.695,19.97411,15.42404
443.5606,447.4677,446.0847,446.0713,445.4222,445.8952,446.959,441.6559,434.5325,425.7452,349.6375,337.4936,122.1221,112.272,448.0608,397.6619578,447.5611,395.7445913,446.3402,385.7547021,444.5577,368.2758795,442.9258,355.1936476,394.3185,305.8738989,195.955,160.9383,447.5775,447.7621,448.0656,447.0723,448.9494,447.7011,447.3201,445.6287,442.2544,423.3436,396.2064,290.2734,197.5607,73.98225,351.4525775,297.3523,352.7553875,298.1191,349.4501686,298.1148,350.3062143,297.8845,348.9580878,295.9479,328.0080335,276.4035,200.3519891,164.9069,447.5834,446.4287,442.239,448.2149,447.78,446.9268,438.3312,437.8685,409.2302,378.7088,213.449,201.1567,19.99504,15.08619
442.093,447.1702,446.2519,448.1718,444.7251,447.1898,446.3429,442.8272,435.7704,427.299,348.3672,334.5349,121.603,112.9177,449.3152,396.2752664,445.6248,393.6102464,448.6161,390.228799,445.6997,368.4853889,441.3678,354.9628633,394.8656,301.3882928,194.9426,160.8217,448.4236,448.0021,447.4402,447.5593,449.1865,448.1448,448.626,446.8482,441.5388,422.9277,396.18,290.5687,198.1135,74.0077,352.8880274,296.6742,354.7623268,298.413,350.8321195,298.1669,349.4677574,298.5628,344.8786075,295.0934,330.7621574,275.6604,201.8587458,166.0282,446.7833,447.7085,444.6999,448.3566,448.7949,445.9011,444.0985,439.1912,410.1157,380.2909,211.3923,200.8207,20.52456,15.10293
444.0952,447.6208,446.5045,448.6284,444.5206,448.2523,447.1325,444.424,431.9067,426.9786,349.0095,332.3391,121.8095,112.6809,448.7226,392.7682313,448.3761,390.5501524,447.3467,383.505245,445.0715,369.8835945,441.2744,350.7534081,392.9845,302.5998917,194.7829,160.5721,447.0263,448.524,447.995,449.0741,447.3066,446.9731,447.9331,444.2502,440.9231,422.726,395.7289,289.6431,197.5121,73.71743,354.1390955,298.0141,353.8339424,297.9855,354.2108823,298.7004,352.7393819,299.0939,343.9749159,295.3056,326.8691215,275.1192,199.4483648,165.3362,447.3796,447.2645,444.9184,448.7138,447.8489,446.3751,444.4903,438.1899,409.7449,379.5656,209.5019,200.1111,20.16091,15.64913
444.6974,447.5967,445.889,448.3728,445.646,448.8048,447.6065,447.1287,431.9437,427.0799,348.9247,333.4793,121.803,113.1539,447.8246,390.3866294,447.1428,392.2631955,449.5714,390.9491108,446.1867,365.2516599,442.6744,352.8730348,392.5834,304.2703663,195.1036,161.2318,448.116,446.5973,448.9262,445.8279,447.6023,447.282,447.925,446.7296,442.0706,423.8034,396.3621,290.0097,197.6462,74.57618,354.2197817,297.7863,351.5123499,296.3473,351.6739223,298.3043,352.8180772,298.1746,343.600869,295.8888,326.0037054,275.6949,200.0644856,165.1651,448.4238,448.6901,444.9238,446.5632,447.7196,445.3284,444.0513,438.4001,409.0917,379.6747,211.0676,199.1034,19.99149,14.89117
446.3379,446.9911,447.3463,445.162,445.2295,447.5311,446.8462,446.2228,431.5094,425.2241,348.3818,336.1078,122.312,113.9605,447.5692,389.9011852,447.7019,388.319508,447.826,385.3398435,447.7936,363.47017,441.4217,351.76523,393.0958,303.9173648,196.2624,161.0108,448.1781,448.2625,447.9899,444.265,448.648,446.5975,447.3429,446.7849,441.5477,424.8282,394.9011,287.7771,196.0761,74.54056,355.7823088,299.0295,351.3281546,297.3074,353.0749656,298.4144,352.5952756,298.0392,346.9736542,294.7674,329.6602644,276.4864,199.9449415,164.2002,445.6744,448.6308,443.8078,446.1752,447.7514,446.0137,443.7839,438.3933,408.5272,380.235,212.4622,199.1647,20.19352,15.08039
447.5671,447.5845,446.2546,448.7418,446.4375,447.9702,447.2247,446.7561,433.2393,424.8116,350.7597,336.3464,121.9763,113.2052,447.7367,394.2821581,447.6408,386.4776141,448.2149,381.7429874,446.8798,362.4058088,440.6332,349.6176748,391.9976,300.5941822,195.8955,161.3327,448.2253,448.1068,447.9829,444.9346,448.2709,444.3615,447.5254,444.8285,441.4007,423.3936,394.2286,289.2827,198.6223,73.86495,352.4729306,297.2298,353.5317159,298.1151,351.7643634,298.3633,352.2523594,298.3167,342.7383384,295.174,330.359085,276.0238,200.4692094,165.3068,447.2639,447.6182,443.4411,447.8619,446.6413,446.5411,438.192,438.0819,409.1959,377.1255,211.1123,200.7506,20.08131,15.60701
448.4018,447.8376,447.5579,449.3573,448.888,448.6493,446.7975,445.9081,434.4282,425.278,349.6963,336.3242,121.9304,113.3937,447.0916,388.7978952,447.3329,387.6986174,448.2018,386.092914,446.4589,363.8330188,441.0735,355.544824,393.7835,300.2343161,195.0446,160.9379,448.3763,447.7105,446.0786,444.3998,448.5865,447.4717,446.8336,446.1786,441.3164,423.4442,396.271,289.2007,196.2672,73.40833,351.7223482,297.5453,351.5577769,298.6897,349.4660918,297.9022,351.8955104,298.8167,347.103574,295.8454,330.5603629,275.5772,201.5314298,165.4854,446.3656,447.3067,444.0022,448.2148,447.7834,446.2057,438.2613,438.5552,407.2268,378.1542,212.0585,199.2382,20.07144,15.07245
448.5437,448.3791,446.9121,448.8287,449.9124,447.2605,446.9007,446.3044,435.671,424.4949,348.1851,336.3087,121.6004,112.9809,445.9982,397.1950892,448.0934,390.9166155,443.8762,388.9656141,447.7798,364.1222062,442.4268,354.0528212,394.7953,302.1853152,197.4115,161.0357,448.2264,448.279,448.8363,444.684,448.0853,447.4174,448.7226,446.2036,440.9224,422.8221,394.9202,288.9701,198.5002,74.8621,352.887196,297.0681,350.8044551,298.2676,355.5332792,298.8428,354.9460825,298.3041,343.6802137,296.1535,328.2469376,276.9105,199.0999967,164.9312,444.8239,446.7983,443.1656,447.3128,447.2485,445.2789,438.1534,437.77,408.7866,377.3459,210.0044,200.4049,20.19056,15.0136
447.6491,447.9125,447.6451,448.9999,447.7023,447.4249,446.4108,446.3874,435.8126,425.5465,347.6683,336.1545,122.3006,112.9227,446.1829,395.8070178,447.808,390.8391018,445.6109,387.8199186,448.5178,364.8457101,440.2279,354.38302,393.8196,302.9931468,196.4555,160.5678,448.9316,446.6313,447.5879,445.1899,447.3114,446.1913,448.9314,446.224,440.8957,423.4773,395.2012,287.5078,196.3014,75.34414,353.2938928,297.5758,351.3415793,298.6278,350.8340769,297.9432,352.3039044,298.3073,345.319056,295.2,330.414052,276.9003,199.5149291,165.8492,447.884,444.0011,444.0734,446.7228,446.9214,446.202,438.5748,435.5031,407.2859,377.5381,210.4342,200.0599,20.03337,15.70751
445.184,447.9126,447.3591,448.8918,447.8344,446.3903,448.1281,446.3091,434.6963,425.6862,349.7687,334.5221,121.8317,113.0353,446.5326,390.4968244,446.6262,390.5283067,444.9814,387.1324297,448.9149,362.880281,438.8893,351.7015334,393.2823,303.2348448,196.1346,161.1621,448.5718,448.5301,448.0816,444.0252,448.7792,447.5323,448.5692,442.7786,439.1103,424.1554,395.2789,290.3459,197.4208,75.09497,353.1319813,297.3743,353.6784759,298.2464,352.8915697,297.2169,350.5030528,297.7607,346.6382349,296.0291,327.7421242,276.4963,200.4736883,165.2955,448.7943,446.0509,442.8217,448.8447,445.7514,443.5136,432.7254,437.0268,409.3288,379.6038,211.8984,200.2279,20.01268,15.15575
447.1673,447.9732,447.0601,448.8859,446.9442,446.8988,447.9038,446.0178,436.3136,425.5488,350.0789,336.05,122.4514,112.1554,446.909,391.2774806,447.094,391.9008768,444.5971,383.7552682,448.0525,363.5381134,438.5276,352.841943,394.7628,301.4132328,195.2179,159.2761,446.8215,448.7733,445.1767,445.1211,448.159,447.5826,448.8976,444.8774,441.9352,424.0338,393.8271,287.8482,198.3169,73.73985,352.033593,297.8212,352.8105591,298.4154,350.392565,298.2699,352.6589237,298.093,348.0784929,295.9373,328.5749288,275.5276,201.3653557,166.154,448.0147,439.0383,445.1159,448.91,447.1957,441.8359,439.1567,436.311,408.2457,378.7871,209.9205,198.6653,20.29538,15.1519
448.7802,448.4625,448.414,447.7641,448.8671,447.6345,446.2888,445.9571,437.2568,423.7397,349.7389,335.2597,122.3475,112.6515,448.3685,391.5769562,445.12,395.0046912,446.1935,387.2635275,447.797,364.0582561,439.8353,351.3844493,393.8152,303.3343461,194.024,159.9517,447.1895,449.3933,444.4036,445.6675,449.0808,446.6997,448.6517,443.4075,441.9756,423.1031,394.0258,288.7793,198.2535,74.62747,352.8221818,297.5996,351.0827489,298.6769,352.2473932,297.5364,351.548447,298.3725,346.6795757,295.1997,329.890051,275.8624,199.5570217,165.4784,448.915,444.897,445.4087,448.121,446.2225,440.6781,443.6021,437.5586,405.6588,376.8095,210.877,198.9489,20.21478,15.52411
448.0459,449.4054,448.5646,447.7136,448.7342,448.1873,446.7997,445.3769,435.9294,425.8976,349.2096,336.3379,122.7528,113.3338,448.2515,392.5919691,446.8973,389.6606365,445.5718,389.6222867,448.1638,365.5073007,439.2321,351.4772303,394.2433,301.0779815,194.7354,160.7604,447.7165,448.899,444.8944,445.2029,448.9582,446.9717,447.9819,441.6486,441.1073,423.4979,393.6321,288.3427,198.5692,75.30648,353.7881705,297.7664,350.1798719,298.5692,347.9659951,295.897,355.771098,299.1307,345.7142261,295.9502,331.8163739,277.0539,200.7056499,165.2524,447.2819,444.3457,443.1777,447.6015,446.8109,442.1944,442.226,437.9196,405.7869,377.4034,211.9217,201.1983,19.99955,14.92108
449.2013,444.1827,447.1104,447.1336,447.5543,449.3029,447.0346,447.7496,435.3439,432.1033,348.0349,336.7908,122.6102,119.3232,447.4301,394.4395619,447.6334,390.760779,448.6375,388.7111358,448.8306,363.094186,440.1849,351.4549836,392.8458,305.6966926,194.5982,161.3893,447.8934,448.6572,447.1474,445.5645,448.7918,448.1593,444.3463,446.2508,441.3034,423.269,395.9334,290.0675,197.9381,75.78523,353.2525934,298.6655,351.9588888,298.0404,349.3237615,297.7022,352.7395144,297.5625,345.299549,296.0844,323.1359543,273.2905,198.7314561,165.4083,447.1127,448.6599,443.3491,446.5711,443.82,446.8602,440.3521,438.8802,405.4905,378.2069,206.8796,196.68,20.03521,14.17827
447.3782,440.1646,447.1752,447.7086,448.1166,448.2428,446.3364,446.9029,435.1671,434.9318,348.4334,340.7124,122.6682,120.1289,447.0283,393.7667562,446.6197,392.2277004,449.8058,390.3181969,448.7986,361.7816841,440.1849,349.8329628,392.9128,299.6744965,194.261,161.4088,448.2824,447.5542,448.417,447.8222,448.1195,448.8653,443.7905,446.7778,440.6379,423.0508,395.3701,289.5935,198.597,75.00319,350.8720087,296.4147,350.6610095,298.8724,349.5998347,298.1382,352.5430941,296.8384,344.4169068,296.5762,324.1490043,274.1983,201.5182682,166.1198,448.1242,448.1644,447.3015,448.6781,447.886,446.0552,439.3555,437.9552,405.3265,377.9289,205.6994,198.7304,20.49977,14.39065
448.3238,440.8478,447.8961,446.6907,448.313,447.0677,446.2309,446.8443,435.7812,428.7086,349.8984,339.7061,123.2559,119.5897,449.0143,394.1286759,448.2398,392.1041127,449.0507,390.7556636,448.9465,362.8599102,439.6339,351.5093807,393.1334,304.4018992,194.3275,161.3293,447.7979,448.8197,448.1489,448.0226,447.9401,449.1098,444.5105,445.4882,443.6955,422.6142,395.5781,290.0268,197.5554,74.28632,351.6240088,297.6938,352.5790409,297.6104,354.6868199,298.5127,354.8932414,298.8474,347.4609025,296.8432,328.8206088,275.0118,202.0647279,166.4084,447.1122,443.9204,447.4552,449.5077,446.5343,447.8477,439.3608,437.507,406.1771,379.6598,206.534,196.3405,20.45462,14.3683
448.5946,442.5927,447.1095,445.7866,447.1225,447.6657,447.3015,445.9578,435.4213,432.2868,348.6658,338.2465,122.3696,119.4342,448.4221,395.7395818,447.6694,397.2438413,448.1683,389.5617281,447.1036,368.2329068,440.2361,354.2388013,394.7055,302.5160438,194.4325,161.3749,448.8112,448.367,447.4314,446.8241,447.5882,448.7746,443.9379,445.8717,442.8713,422.768,395.0401,290.2621,198.3256,74.96194,353.7304049,297.5575,349.8050194,298.7616,350.245947,298.0639,350.6219515,298.9028,343.8730369,296.4065,325.7302597,275.7785,201.4029698,166.4735,446.3432,447.7429,441.8902,442.3782,446.6888,447.2464,438.6453,438.3854,405.4019,382.1335,206.845,196.8538,20.49055,14.1627
448.6077,442.065,448.1784,446.1524,447.609,448.5708,445.3532,445.6345,436.2177,432.1753,349.3858,338.7567,122.6351,119.4153,447.5462,388.3267389,447.9024,394.9432438,447.3191,384.7060482,446.1692,366.3583082,440.2052,354.8769179,393.9141,301.5435715,194.53,161.2184,448.4929,447.3357,445.9917,447.5877,448.292,448.3197,443.7911,445.5165,440.987,424.8629,396.1345,289.2851,197.4283,75.74611,354.0709622,298.2052,350.6962188,298.9126,350.6561647,298.4638,351.3642227,298.2769,349.5114728,296.548,325.3614597,274.3652,201.4495148,165.5881,447.6094,447.9155,445.8736,448.0803,448.1023,445.7151,439.4803,439.374,408.3064,377.0034,206.6533,196.2925,19.97582,14.26762
448.0253,441.5869,446.9229,444.1078,446.6369,448.5152,446.8038,447.4525,434.8077,432.14,348.8228,336.5412,122.2586,118.7994,449.1944,389.8781079,447.442,397.0510096,447.8613,383.2083328,444.2018,369.6944506,441.8453,354.7593799,393.9266,299.7184795,193.9708,160.476,449.1927,447.4173,447.6998,448.3991,447.4403,447.5069,443.7095,446.0217,438.8435,422.7194,394.4398,288.6994,196.1749,74.90884,351.9307218,298.1832,350.2045409,298.1733,352.7330962,298.1053,352.2832884,298.5983,347.6794385,297.0299,324.6485586,274.8557,199.2448123,165.1702,447.7962,448.1886,447.1955,447.8321,447.1953,446.4629,439.1853,437.9203,408.4697,381.6559,206.9225,197.4242,20.35909,14.42463
448.3945,443.45,445.6136,445.9823,447.1317,448.4353,445.8718,447.3798,434.6749,429.6353,349.1287,338.9821,122.079,119.4899,448.3432,387.6419595,447.6528,396.4208307,447.2066,384.1944804,447.5007,365.1195826,442.7964,351.8180177,392.7698,299.8706738,194.7866,160.6994,449.6553,449.1434,447.5067,447.2394,449.1321,448.0538,445.2484,445.6128,439.3262,422.7823,396.769,290.4904,197.2336,74.73723,352.0739654,298.1934,350.4496611,298.7763,349.1737568,297.8358,352.9413822,297.9741,343.7957186,296.3373,328.0729976,275.3399,201.4100711,165.2121,449.2743,448.3046,446.8264,448.2348,447.9455,446.8725,439.3541,438.2668,407.4402,380.0758,205.2486,198.2628,20.03638,14.4124
448.7407,443.529,446.4497,447.0967,448.2257,447.9191,445.1941,446.3365,436.8707,430.4734,349.4935,338.3395,122.7541,119.1227,447.8148,387.7407574,447.9034,396.7320248,447.6922,386.9981586,446.7978,369.2203557,441.7223,352.2277435,393.2253,303.0598421,195.054,161.4937,448.8096,448.1172,448.6814,446.3679,448.6301,448.4212,444.127,445.6261,439.8906,423.8708,395.1908,290.8253,197.4566,75.11167,354.8275024,298.2972,351.6932931,299.1276,349.3343464,297.9372,352.9621812,297.4743,346.0521549,294.7784,325.4428389,275.2881,199.083271,163.7373,447.1839,448.0639,444.8574,448.6422,447.1385,447.0826,438.7148,438.6163,408.364,381.16,201.6627,197.3127,20.6451,14.35318
448.7563,442.1325,445.623,442.6877,447.4039,447.6596,444.9449,446.2668,436.8258,430.459,348.7839,337.1516,122.1809,119.8051,446.012,388.5984681,448.091,398.1954745,448.8635,383.5429035,447.7689,368.3878042,441.5698,352.9806094,394.8642,300.9431849,194.4392,160.6063,448.9255,448.8522,447.029,447.1781,448.1958,447.7671,443.7078,445.0655,440.0994,423.5167,394.1511,290.2193,198.9936,75.35026,353.2002041,297.7778,355.2655132,298.6102,351.5957743,298.8083,348.7944511,298.0003,345.4700044,296.5026,327.8530863,274.7472,200.1234071,165.9288,446.8141,447.1816,445.9179,448.5992,446.3798,445.1934,440.6355,438.0944,407.4651,381.2632,204.4505,198.1206,20.12021,14.19685
448.6186,442.3703,447.4867,446.9883,447.9394,446.1214,446.9402,446.0464,435.7703,430.1393,350.1934,337.854,122.5606,119.3253,447.3577,389.8289344,446.9436,388.6535001,447.9532,388.6933571,446.0898,364.6879727,442.3391,353.8939932,394.9403,304.167404,194.569,161.0887,448.5181,446.9185,447.8905,448.3363,448.6259,447.1773,444.1628,445.7895,442.0784,423.5289,394.4647,290.4448,198.3592,75.39638,354.2512098,298.5783,350.4970981,298.4783,352.4286783,296.9646,351.293425,298.7316,344.728051,296.4867,329.6872378,275.732,199.0577681,163.9469,445.3031,446.7618,446.1348,449.413,448.4337,446.2715,439.8873,438.1168,405.7753,381.4859,202.3901,197.5728,20.22187,14.17838
449.549,441.2506,447.2111,447.4861,447.4489,448.6954,445.9724,446.8458,435.0714,427.9259,348.4742,338.0921,122.4194,118.9604,447.7191,393.9277514,447.0925,391.8673841,447.2438,386.0034394,447.3455,368.295233,440.7999,352.7052365,393.2446,299.6936195,194.9189,161.216,448.9199,447.2848,447.5017,448.8512,447.5461,447.935,442.4365,446.3549,441.2576,422.3445,395.6712,290.7021,197.8519,75.05724,354.9625221,298.4082,353.6177741,297.3677,352.5189874,298.4692,350.7834516,298.5696,346.1413537,296.2778,325.5941231,275.8197,199.9575384,164.3928,448.1283,445.3987,445.562,446.3392,447.8115,444.7435,440.3142,437.9163,406.8688,380.8618,206.5763,195.6859,20.13364,14.253
448.5599,442.2294,447.3853,446.6018,448.1408,448.7313,447.205,445.8371,436.7799,427.7928,349.682,336.3163,122.2306,119.333,447.8773,397.4679235,448.5085,394.3986735,447.5782,386.1453613,447.3156,370.1086143,442.4121,351.0001855,394.1391,300.8713084,194.6169,161.1934,448.5344,448.0976,449.0204,449.0065,448.8298,448.139,443.6597,446.2583,442.8516,422.3441,395.8859,288.2841,198.5164,74.99532,352.4065225,297.1738,349.6597188,297.484,354.3999433,299.1954,351.4714661,298.591,347.3475195,296.0937,330.4266981,276.362,198.6815133,165.5362,447.2314,447.7627,447.1321,448.0685,448.0897,446.3212,439.0042,437.9213,405.9897,381.1408,204.2569,196.8666,20.12691,14.20603
447.6566,443.0646,446.6933,447.1636,448.3978,448.3209,447.0165,447.0691,437.4142,430.7124,350.0733,338.3604,122.9541,119.4664,448.3446,397.4064316,446.6662,397.5754724,448.7138,389.6929997,447.3776,366.3183581,442.2378,354.7003927,393.7591,299.808895,194.8745,160.5245,449.3404,447.8795,447.7263,448.5178,448.4751,446.9859,444.106,445.8458,441.4049,423.1202,394.9239,290.2901,198.0902,74.18911,354.5085061,298.1368,349.030666,298.0646,351.9647759,298.207,349.8297142,298.8848,348.1869669,296.6803,325.3231763,274.7778,199.4803978,165.8012,447.5733,446.8583,448.1101,446.814,447.3403,446.0273,441.8575,436.5754,409.1644,380.8803,202.7072,197.7201,20.41042,14.22425
448.2092,444.0215,445.7241,447.8621,449.2499,447.6585,446.5291,446.235,436.7785,431.3457,349.3763,338.7109,122.0937,86.68436,448.1664,391.2725653,446.2114,392.531321,449.4913,386.1495365,447.6519,366.321291,441.2286,351.7063224,392.7312,300.6656191,193.8929,160.813,448.8824,448.9248,448.1783,448.6611,448.7787,447.7843,444.4937,444.676,441.8582,421.6121,395.5866,289.9255,198.0961,74.51296,352.3996538,297.8814,354.9978503,298.689,350.2680353,298.2299,353.978858,297.9294,348.2836372,296.5984,328.7327724,275.5121,198.4966179,164.9095,447.9512,447.5972,446.4413,447.1657,446.7416,447.1045,443.6701,438.7782,409.1083,381.992,202.6156,196.1237,19.81144,14.34698
447.7504,442.9907,447.3657,448.1158,448.6319,447.3261,447.139,445.2976,436.8691,429.8325,348.215,340.4487,122.9728,95.74784,448.0823,397.8289165,444.8044,395.7035712,448.4274,385.9344892,449.1298,364.60205,442.2927,355.4504184,394.2051,301.1045728,195.0758,159.8861,448.6619,447.5435,448.616,448.2499,448.1891,448.7664,444.7676,445.7478,443.3492,422.3611,391.6467,288.7659,199.1412,74.96459,353.6532848,298.2654,350.7145337,298.0543,355.4223506,298.9179,352.8969467,297.0163,344.8821784,295.9219,328.9138958,276.4052,200.5619818,165.814,446.4879,447.5841,446.2072,446.7031,447.6056,446.4139,444.402,436.3866,408.1,381.7166,205.7394,196.1583,20.22228,14.37748
448.6421,442.4138,448.3311,447.7377,449.0655,447.8562,445.8133,446.6143,434.8058,431.1181,350.8222,339.5386,122.159,96.91314,444.411,396.2051782,448.1424,389.5164531,449.4138,385.7542323,448.1022,367.7151395,442.5107,353.3039383,391.3913,300.0341889,194.482,160.7341,449.0336,447.6577,448.5811,448.6189,448.214,447.3479,445.0944,444.8747,440.7608,422.5242,393.4264,292.0328,197.1149,75.28147,354.5075476,298.1711,349.2948284,298.28,353.0850407,298.7082,352.8085067,297.9248,349.0756978,296.5179,330.3271591,276.7579,202.5153718,166.4054,446.7223,448.0584,445.5728,447.6997,448.3461,448.0464,444.2402,437.543,407.7349,379.1277,203.7557,196.1795,20.0723,14.33729
448.9144,441.9175,447.6455,447.1582,447.623,446.3886,446.4284,446.6734,433.9226,429.0284,349.9525,337.7798,122.1329,97.23162,445.234,397.8735913,446.4257,392.9113517,449.8441,390.3213626,448.0689,363.2351169,441.4097,351.7555766,393.957,301.5407738,194.5722,160.566,447.4767,448.102,448.1989,446.984,447.836,447.44,444.5293,444.6678,443.351,420.7406,393.4534,290.1079,196.8945,75.11862,354.9129009,298.2712,352.0420819,298.4824,352.4474602,297.4918,350.9364497,297.7141,349.0955757,296.1901,329.5782799,275.1645,201.2641822,166.0034,448.6947,448.7641,447.0399,448.8198,447.6623,446.1001,444.334,437.3427,409.6736,379.003,202.4965,196.2319,20.06582,14.13625
447.339,443.0348,447.6436,447.0147,448.3397,445.2491,446.8385,446.6741,435.3336,428.9021,351.2749,337.7946,122.6064,96.02853,444.9253,396.8381493,447.666,389.0646049,449.3597,384.3236734,447.1397,365.1153375,441.8528,353.2760133,393.867,301.2161996,194.0718,160.0449,446.8947,448.8948,447.9074,447.3177,447.9734,446.8496,441.8684,445.5295,442.2906,421.372,390.9119,290.3711,196.8335,75.29016,353.6571685,298.2058,353.1448315,297.8617,353.5518818,298.487,353.509218,297.9027,347.2472633,296.2532,326.3138954,276.399,200.8440668,166.0733,448.0954,443.1628,447.1605,446.9589,447.3454,446.9131,443.8804,435.6449,407.5444,379.8187,204.5905,197.5398,19.72345,14.401
449.0859,442.0175,446.9871,445.9213,447.9568,443.8626,446.3246,446.7619,435.6563,427.9106,349.9292,341.9343,121.3574,96.36305,444.9198,390.7256081,448.902,389.8199098,448.1701,391.0383929,447.6249,366.0142204,440.3726,355.3146029,394.3491,299.2575721,194.0877,160.6821,449.1017,447.2067,448.6584,448.0785,449.0567,447.1062,446.763,445.8544,440.6841,422.0937,390.8308,292.6007,198.5062,75.71911,351.9263954,297.8439,350.2375247,296.9398,353.8958305,298.0326,354.3286674,297.9605,349.3963992,296.1137,330.5629804,275.6966,200.5775796,165.9339,446.7661,448.7562,446.9252,447.6978,447.9052,445.6444,443.4323,437.068,407.8843,380.3541,201.6201,196.1961,19.70951,14.28345
447.3694,443.016,446.8525,447.3747,448.0933,444.2268,447.4088,446.8968,437.1459,428.0484,349.2122,339.999,122.1981,95.76318,445.0506,392.3836715,447.5506,394.4801848,448.19,391.1466699,445.2565,367.9069114,440.3556,352.729847,394.674,300.747502,194.3936,160.7828,448.42,448.123,448.084,447.9616,448.404,447.2268,447.3716,446.0409,440.5968,423.483,391.4849,291.2112,197.6649,75.08408,353.6757667,298.4656,353.661824,297.4898,350.8723415,298.4979,352.8423994,297.3934,344.2250958,296.6307,331.6772237,276.4069,198.1623766,165.0198,448.1192,448.0607,446.9203,448.2187,447.8628,444.523,443.8901,439.6311,406.9988,381.1297,202.7978,195.5157,20.36837,14.18848
449.9029,446.6492,448.1431,448.4061,447.1504,443.6181,448.134,445.8447,434.8577,433.1025,349.0865,339.6162,121.4289,115.8678,446.2358,392.6603398,448.0804,393.7279769,450.3324,385.0112034,446.0292,365.4314696,440.4369,354.4573098,392.262,301.9054213,194.3776,160.0973,448.2551,448.6492,449.3311,447.8737,447.5698,448.6636,447.3894,445.9491,441.9036,423.6555,392.8272,290.8853,197.4735,74.63275,349.3233132,295.5483,351.4276798,298.602,351.6692334,297.9465,354.1995284,298.8849,348.7902075,296.9868,327.64927,276.0942,199.076155,165.6952,445.9658,448.5186,447.1528,447.4385,447.4884,447.7975,442.5133,440.1453,404.0985,374.5263,210.6444,197.6133,22.30652,14.3986
446.3196,446.148,447.4159,447.2191,449.068,443.0097,449.0021,446.3998,435.0003,434.1112,349.3759,337.3483,122.0489,119.0202,443.1644,396.4671276,446.7012,389.7281272,445.6768,387.3533121,447.2535,365.2224088,441.796,354.8588611,393.0004,300.9272679,194.6389,160.6083,447.1068,446.8011,448.7077,448.8626,447.8173,448.6395,447.2193,443.5779,439.8771,421.7395,393.8797,287.9098,198.939,74.69039,349.6571819,295.7482,353.7298659,298.8391,350.6180976,298.0534,351.2609007,298.0475,347.3380556,296.361,328.4272068,275.9081,198.9301821,165.6385,447.4812,444.406,445.8071,445.2616,448.1094,447.6498,443.2438,438.5149,403.8488,376.0432,209.3499,196.3381,22.2744,14.41322
449.0955,445.1664,447.148,447.4262,449.4067,443.4798,448.7578,446.1089,432.6717,425.891,349.4923,340.1194,121.9763,119.3497,443.5509,389.6242222,448.7821,392.7307382,443.9196,383.2507279,447.7699,365.4638838,439.8492,350.6210273,393.263,300.7270484,194.7795,160.402,448.2108,448.829,447.7816,448.2946,447.4841,448.1814,446.6951,446.6057,441.4474,423.605,391.4513,290.2243,197.6035,74.37057,350.422094,294.844,349.7026082,298.8809,352.0340718,298.0763,351.9833036,298.5566,349.1176594,296.3748,328.4893392,274.9509,201.4481598,165.5312,444.1122,448.2966,446.8988,447.6918,446.3951,446.5064,441.6269,438.2848,404.0818,375.4792,209.4361,193.7159,22.47048,14.40953
448.231,447.4532,448.0551,447.5818,448.3909,442.2547,448.4062,445.8833,433.8401,429.0273,347.8888,338.8883,121.4882,119.799,444.7597,394.5593545,447.823,394.4408637,445.3734,390.9185983,448.247,367.7362423,439.793,350.5576116,394.3345,303.3003742,194.8097,159.6267,447.5895,448.5512,447.6619,447.6472,447.8624,448.3548,448.8918,445.2241,441.6499,424.8806,392.0986,289.0452,196.7942,74.54432,350.3436431,295.6711,349.8172354,298.915,351.6424376,298.7464,355.3313921,299.3777,345.3381694,296.3157,328.3643045,275.7927,201.477208,166.7623,447.1708,448.3094,440.498,443.3548,448.2988,447.3878,440.9751,438.5813,401.3229,377.4591,211.2881,196.2883,22.19953,14.40275
446.623,447.7165,446.2623,447.1171,447.8862,443.1435,447.2279,446.6889,434.3828,426.1311,350.3712,337.4209,118.8737,119.6718,445.3703,397.5809684,447.7821,393.49577,444.3854,390.3404972,447.9427,364.7880046,441.9986,350.9177183,394.1297,304.7130672,195.1222,160.036,448.3601,447.7582,449.8847,448.2202,448.1147,448.3317,447.836,445.1406,442.1526,422.8859,393.3267,290.4906,197.9789,76.10775,350.8484664,295.2102,349.2645518,297.7964,352.1025048,299.4018,353.4382558,297.3943,344.0689594,296.4042,327.3524803,275.9534,200.9569302,165.9786,447.1406,444.842,444.5484,447.178,446.0832,445.6888,444.1123,440.402,406.3965,381.0247,211.7298,196.4449,22.0417,14.55408
448.7979,446.5308,448.4651,446.6308,448.0579,442.8552,448.2226,446.5496,434.6843,424.874,349.5384,340.2693,121.7928,119.0904,446.3397,390.8876489,447.4426,392.8871896,444.3513,383.4042414,447.2948,367.0504663,441.3807,353.6536332,394.2288,305.511743,194.4073,160.7204,448.1695,447.4042,449.5016,447.6913,448.4105,448.0977,448.2586,445.1204,441.7544,423.6493,394.355,290.5816,195.75,75.6241,349.9858833,295.2147,349.4346738,298.2237,354.9367391,299.3226,349.9348497,298.9261,350.0767208,296.8387,329.1041716,275.8673,198.3781641,164.9591,447.2865,446.7625,446.0447,447.0443,445.8571,447.4354,444.4003,438.2475,408.3657,380.7476,207.899,200.4383,22.42437,14.38644
449.6098,446.6249,447.8223,446.7195,446.7559,440.9221,448.2774,445.9189,435.7084,424.9634,347.3528,340.286,122.0231,119.611,448.3727,397.1420729,448.0763,392.8738787,445.0967,384.2634294,448.2946,369.5277841,441.5798,351.2499013,393.105,304.7521489,194.5741,160.9459,447.6626,447.4757,448.8293,445.8892,449.2702,448.2611,447.8317,445.8696,441.2075,423.8124,394.6437,288.9363,198.8999,75.62528,350.5936055,296.8893,353.2299983,299.3018,350.3678113,298.0053,354.0587448,297.721,345.382114,297.0007,325.4709007,275.3724,198.1037551,164.9806,446.8291,446.8071,446.8914,448.0607,447.6433,447.363,443.8725,438.0822,407.1611,380.8781,208.8005,196.3111,22.1638,14.52693
448.9433,447.1564,448.0191,448.3011,447.0938,445.0431,446.4253,445.9229,435.6747,424.8288,347.9925,337.3797,122.6556,119.6176,449.3141,393.1989572,448.979,388.035641,444.9367,384.4784983,447.4633,368.7940517,439.1196,351.7911862,392.2042,304.0567528,193.8028,160.8607,447.8833,447.8085,449.616,447.3628,448.0881,447.3427,448.7846,445.0213,442.6291,423.8468,394.868,290.2766,198.0676,75.62719,349.9869693,295.1708,355.0661771,298.6711,353.6458546,297.5815,352.3774976,298.9645,347.8646213,295.919,329.5518467,275.4552,199.5583539,164.2388,446.9351,446.2604,444.4175,446.5158,446.8217,446.3047,443.7482,439.3965,407.4177,379.36,209.4674,193.5405,22.09782,14.45901
447.0656,446.9242,449.0964,446.6493,448.0826,448.6574,447.1125,446.3417,435.901,427.3043,350.2839,337.8133,121.8286,119.2119,447.4583,391.3463577,449.3162,396.5101143,448.3184,388.5176772,447.6989,370.1092527,440.3869,350.2099648,392.1633,304.2114023,194.6252,160.5108,446.9424,447.9026,449.3536,448.0359,449.9143,448.8716,445.8412,444.8659,441.0596,423.3934,395.6113,290.0194,197.5298,75.25524,349.2052249,295.4109,351.991652,298.8349,355.0067643,298.6161,352.7557248,298.905,348.5868581,297.2718,327.2884031,275.5208,197.984646,164.7305,446.8486,448.2057,448.3568,447.083,446.6946,447.7978,444.5235,437.2294,407.1192,381.0457,209.254,194.3551,22.18226,14.48576
447.992,447.3432,446.6407,444.7931,448.2784,447.4645,446.9869,447.8741,435.2339,426.2669,349.2532,338.4269,121.1707,119.4299,448.612,396.9447859,448.5931,394.4567566,446.3403,382.746327,447.4291,366.4433876,440.3918,351.4078361,393.3975,304.4059486,193.6054,160.6496,447.4239,448.562,449.8089,447.5178,448.4334,448.3824,446.6685,446.2839,441.9259,423.2069,395.3909,290.0188,199.2082,75.31252,350.2840535,296.1682,350.9751519,298.3341,353.5857957,297.6111,351.2149488,298.576,348.05543,296.1947,325.7914083,274.9457,200.3855207,165.8848,446.1442,448.3302,446.2888,447.7515,447.8376,447.6695,445.5206,438.1276,405.8605,379.0059,210.6246,197.4094,22.15167,14.4351
447.7148,446.94,448.0286,447.131,448.5941,448.154,446.8016,446.5555,435.4427,425.9306,348.4466,339.6627,122.0794,119.0554,448.5048,391.9719948,448.7901,390.1459667,445.7825,383.4512811,448.3128,369.4680562,442.4181,355.1034645,393.7303,306.8704481,194.035,160.8742,448.4418,447.4849,449.1457,448.8974,448.5536,447.9023,445.8448,447.1436,442.0785,423.0595,395.225,289.3604,197.7094,74.97233,351.2656238,296.5418,353.8808119,298.5429,352.9100059,298.9572,351.3001423,297.9367,348.0573387,296.1686,326.2669227,275.8895,199.8708492,165.3465,447.0575,447.0011,445.5883,446.4055,447.306,446.414,445.1369,437.9505,405.2138,378.3262,209.5389,198.5846,22.17503,14.29366
448.9949,445.8335,448.5885,448.1334,447.9345,448.5961,446.9046,446.6141,435.7248,425.4037,349.8818,336.9766,122.2523,119.2381,449.0103,395.4365888,448.1706,392.0929072,446.848,386.1703542,448.2818,368.1089269,442.7451,353.167138,395.1488,304.46635,194.7303,160.4066,448.3062,446.8355,449.9785,448.5834,447.1552,447.4893,446.8149,445.7136,441.6851,421.6411,396.1505,287.522,198.7909,74.99409,348.1093811,293.0041,349.3465014,297.2934,354.3484703,298.3133,349.2143318,298.056,344.7178103,296.0781,329.6869695,275.3449,200.7905513,166.2256,446.4946,448.2251,445.5391,447.8061,447.5371,447.6554,445.0022,439.4172,407.6682,379.6127,210.0552,197.2082,22.18992,14.4357
447.3883,447.4533,446.9553,448.0322,448.4682,447.5942,447.8159,446.7605,434.2625,425.8434,349.9816,338.9428,122.2699,104.6131,448.7211,394.0194193,448.1649,390.9266076,447.0037,386.1305973,448.3273,365.8855939,441.603,350.9799682,394.2982,302.2112857,194.4166,160.4589,448.6084,448.3739,448.6394,448.6883,446.812,447.6436,446.4266,445.0009,442.4255,423.5812,394.461,288.2115,198.8504,75.68664,350.6129611,294.7219,353.4601667,298.0422,351.7607695,297.5023,353.6213771,297.7789,345.2379967,295.6944,325.1991881,275.3009,200.2110356,166.1268,447.3201,447.3175,447.7934,447.3885,446.8946,443.4406,443.3658,437.8682,408.9242,379.395,208.5613,197.3139,21.76311,14.33389
447.4989,447.5599,448.3212,446.0622,447.8829,448.1454,445.3096,445.6854,436.5731,424.3945,349.5064,336.8855,120.9405,95.13017,448.9052,394.0685928,448.3144,395.1924435,447.0099,385.0431747,448.369,368.9712862,440.757,354.8208404,394.6622,304.3292922,194.5676,160.0753,448.3777,446.7628,448.338,448.3559,448.9236,448.6294,447.2754,445.3339,441.9485,423.6719,395.271,286.7974,198.2075,75.29532,348.5929877,292.9796,352.2562586,299.4027,350.9034378,296.9882,351.6358774,299.7084,343.5046335,295.1375,326.8008558,275.4257,201.5330155,165.9022,445.833,446.8685,445.9311,447.6158,447.4289,445.7814,444.7825,438.4131,408.7924,380.0439,208.908,195.5962,22.19532,14.40942
448.0299,447.6571,448.2415,447.6468,447.5392,447.7469,446.9956,446.4367,435.2068,427.2969,349.7468,337.424,122.4426,95.57917,449.5666,394.6428508,448.8136,393.8952715,444.8744,385.9395582,447.6064,365.451122,439.9855,349.2922082,393.925,302.9837269,194.042,159.4255,447.6085,447.8465,448.4852,449.4305,447.2144,448.1714,447.147,445.4148,441.8921,423.3271,395.4428,285.7275,197.5901,75.22661,347.9348776,294.8076,351.8926785,299.45,353.2863118,298.9923,353.8732496,298.7104,345.316869,294.8075,327.6022627,275.4789,200.2138344,165.5467,448.5801,447.3592,446.5022,448.4124,447.9326,445.8928,442.553,437.2955,408.663,378.0902,207.9589,197.2589,22.25239,14.47238
446.6173,446.9352,448.2701,447.2343,448.1065,446.3866,446.9249,446.5745,436.1552,425.0191,348.1803,337.3115,121.882,95.89247,448.5527,389.5831641,446.6559,389.9839715,444.534,383.4939737,448.6234,365.0800634,441.1482,354.1600701,392.9577,303.5372454,194.3429,160.5559,449.4274,447.3413,448.6967,447.6969,448.5481,447.9929,447.6789,444.2784,440.7776,423.9717,395.6916,289.8654,198.3454,74.75701,349.5708369,294.2565,354.5175042,298.3702,348.914434,296.8474,350.9010249,297.9368,343.4570048,294.8635,329.6631328,276.4633,201.0798005,165.6573,446.7307,447.7194,447.5927,447.5103,447.7947,446.51,444.3117,439.0373,404.1302,378.6601,209.3171,197.1981,22.05089,14.36134
448.9049,446.5828,448.6578,445.9427,448.2315,448.0437,446.9415,445.7387,436.8001,424.5283,348.8929,336.9464,122.2911,95.63608,447.6844,392.4024235,446.8423,397.7664089,445.3666,388.9774608,446.3204,365.0686032,441.5532,350.4266516,393.3783,303.671088,193.7765,160.3169,449.2843,447.564,448.8158,446.6681,448.1586,448.2975,447.2319,443.5491,442.5569,422.5325,395.0686,289.9655,197.4403,75.30262,348.9710575,295.083,353.7624653,298.569,352.2036381,296.9301,348.7645535,297.7814,345.7528592,296.1988,329.7519805,275.8369,202.0465376,165.9111,447.2621,448.237,446.1678,446.9448,447.7499,445.7783,443.1933,438.3831,407.0732,379.3235,203.9124,196.8471,22.34631,14.27923
448.3129,447.7772,448.4295,445.9441,447.9153,448.4098,448.0548,446.0957,435.8105,423.6093,349.77,334.6725,122.1538,95.7559,448.379,390.0342416,446.7964,393.9871933,444.2716,384.1334516,447.9224,369.1048689,440.8933,348.53719,394.4647,301.7881824,193.3024,160.3185,448.9028,447.8053,449.8073,445.8904,449.3625,447.6322,446.2278,444.4439,441.4041,422.0371,395.8237,291.6812,198.1959,75.26979,346.7484483,293.6804,352.7554317,297.3602,348.8620238,294.8462,352.6094082,298.819,349.0900203,296.3614,328.5266428,274.5914,199.2344556,165.3947,446.8156,441.5929,446.834,446.8727,447.2642,447.7694,445.4032,437.0863,404.8606,379.7698,211.5272,193.8387,22.23643,14.39777
448.3474,445.3311,448.415,446.3128,447.5473,448.3406,447.0377,446.0321,436.6306,424.685,349.3836,337.3887,122.0757,96.20786,447.6764,396.0264831,449.3491,392.4481521,443.8715,390.1197284,447.4464,366.1507171,440.6242,350.3586325,394.1476,305.6493097,193.9666,160.3808,448.2658,448.5122,449.6017,448.3742,448.8797,447.3952,447.5998,444.3482,442.8989,424.1513,394.2359,288.9491,198.2193,75.16806,347.8221458,294.1314,351.6810602,298.0449,350.0630192,294.6336,350.4053235,298.3849,348.3287404,296.0368,329.3190373,274.9802,200.197013,166.1386,444.8548,448.1389,447.9198,448.0034,446.9397,447.0979,444.5136,439.1637,402.3929,381.2365,207.1853,194.9104,22.32558,14.41169
448.1728,445.3024,446.912,446.5267,447.2117,447.9599,448.0803,445.9974,435.9605,424.3636,350.2669,334.559,122.5315,96.42763,448.0778,389.6796089,449.3665,392.4354589,445.6733,384.1953769,447.2118,366.3667691,439.525,354.3346506,393.9143,307.1953593,194.2387,160.1258,448.4157,447.3172,448.1166,448.0505,448.7607,448.2466,447.1092,444.9279,442.1283,423.5807,395.8314,289.83,198.6449,75.09685,347.189847,292.918,350.624282,297.5048,347.2686897,295.5277,353.3091324,298.1084,345.5613859,296.3572,324.9768913,275.1593,199.1433859,165.4757,446.2825,447.7385,446.8674,447.1808,445.8428,443.1655,443.9412,438.3397,407.275,379.8661,209.5874,194.5777,21.89095,14.35821
449.0161,448.2919,448.2859,448.0885,448.6799,448.3163,446.1302,446.1766,436.3368,434.7024,346.3331,337.3101,122.876,107.1726,447.5014,396.3970597,447.4033,396.9736541,447.8272,386.7013359,447.8323,368.0270732,436.8048,355.0646529,394.1418,304.0827486,194.3135,159.576,449.0246,448.0689,447.9321,448.0092,448.4273,447.2793,446.1526,445.9714,441.4026,421.351,393.918,293.9976,197.9125,74.67542,354.0432236,297.6679,351.9823074,298.0779,350.5409139,296.709,353.6284017,298.539,348.4112414,296.0415,329.7595282,276.4769,198.8140544,165.568,444.3319,446.6071,447.0912,446.5193,448.3381,447.0114,443.2042,438.6931,402.349,375.8003,198.915,194.4779,21.52687,14.32351
445.9041,447.6633,448.021,446.3784,449.591,449.8666,448.2164,446.6524,436.3741,434.4682,346.7343,337.3154,122.9387,107.875,447.1614,388.2404247,449.2739,395.424165,445.9122,390.2422854,447.5231,370.1506322,435.4435,351.1805603,392.3126,302.6632125,194.8409,159.4982,448.5619,446.0401,449.1815,448.2987,448.9566,447.7136,446.1773,445.1786,442.3414,424.2758,395.8622,293.0055,198.2281,74.63378,352.9808779,298.6125,349.5290162,297.9533,347.1312877,294.9389,351.7957848,298.4102,349.9289765,296.5726,330.7802126,275.9215,201.9843526,166.0837,446.7619,448.0456,447.2344,447.661,447.0052,447.3583,443.4256,438.3226,403.4666,378.0626,199.4171,191.9505,21.35879,14.34025
448.7637,446.9368,448.2551,446.9314,449.3845,448.2727,446.8938,446.0842,436.6126,434.2828,345.7166,337.6709,123.2501,108.008,448.7921,391.9031519,448.6927,396.7151957,447.6254,390.5242833,447.6238,368.1641746,435.7729,352.8544484,394.3073,305.9418477,194.2976,159.4135,449.1706,448.5216,449.7631,447.6612,447.8834,447.1944,445.1589,444.6593,441.8581,423.7819,396.7586,292.5182,198.0169,75.26895,352.0673257,296.8352,354.7933225,299.2597,346.8620749,296.2152,352.2618882,299.0821,349.6988234,296.3901,330.5538351,275.827,201.1537055,165.1888,440.2128,446.3496,446.5367,447.8207,447.6487,447.415,441.51,439.2639,402.3833,377.2163,199.3682,192.2271,21.31042,14.42585
444.767,448.893,448.0876,448.3068,448.0697,448.4413,446.1343,444.9368,436.9225,435.9436,345.7213,337.7335,122.6607,107.8054,448.5122,395.6652918,448.7065,394.1449681,447.3147,385.4963565,448.3102,368.4102621,436.499,350.3360947,393.3177,303.8185624,194.3278,159.3845,448.714,448.6616,448.0149,448.3746,447.9186,447.5184,445.3973,444.3913,442.3019,423.5734,396.3526,292.8167,197.5661,75.41502,353.8739492,297.6457,354.639927,299.2742,353.829617,297.3633,352.7888227,298.546,345.7985983,294.1715,329.9239177,276.9212,200.4859921,165.6252,447.8074,445.9046,440.549,442.588,447.6946,446.9362,442.6036,438.8956,407.836,380.295,203.0194,194.3136,21.16831,14.36409
447.9261,448.2461,448.1132,447.6582,449.2153,448.2193,447.4021,447.432,436.7564,435.2571,345.6953,337.1632,122.6646,108.0765,448.7268,390.6042351,449.1163,390.4026789,449.1191,388.7778647,447.548,364.8045087,436.5526,349.3468505,393.8871,302.6661375,192.7875,159.7896,449.0154,448.4477,448.919,448.6371,448.1391,448.1559,447.4325,444.7525,441.6978,420.8926,396.5005,293.19,197.6217,75.57,353.5207666,298.0556,352.4071703,298.9212,347.3603454,296.1425,350.8692777,298.7698,345.2183176,293.1641,327.5697389,275.0214,199.626833,165.6503,448.34,446.7791,446.0644,448.6808,445.8475,445.6276,443.6277,438.1238,396.6765,377.4109,200.2293,192.4712,21.43012,13.91168
447.5816,449.0117,448.1711,447.1731,448.2816,448.2167,446.5046,446.6775,434.9106,436.1993,345.756,337.7886,122.8531,107.1236,448.2755,389.6921414,447.7267,393.8794682,449.3626,383.342108,448.6423,368.4819502,436.6237,355.6479353,393.3896,301.5298418,192.7704,159.1594,446.7771,448.963,449.0879,448.6631,448.0836,447.4989,446.5201,445.4641,441.5925,423.4016,395.6671,294.1667,197.7301,75.45889,352.1148561,298.1952,353.8200237,299.0972,350.9894657,296.6969,354.4401975,297.9165,344.7439324,294.5321,328.3145587,275.6884,200.701947,165.8543,444.4245,448.0167,445.7971,448.5102,448.3812,446.8432,442.4095,438.1634,405.8675,375.6761,201.0233,193.8022,21.38198,14.26827
448.0966,449.5396,446.6722,445.8804,448.1221,446.05,447.5057,447.0327,436.8161,434.416,347.5134,336.7077,123.1282,106.0168,448.7344,393.7559743,448.2303,389.2054179,448.1309,385.8855534,447.6117,368.4385863,436.3456,352.836071,392.796,304.8514081,192.5634,160.0902,449.1994,446.6921,448.4678,448.5716,448.0494,447.8987,446.4091,444.6218,440.7718,422.2779,394.5098,294.2768,198.4003,74.6769,353.9651095,297.5697,352.7241171,299.7112,349.8817501,295.6106,354.394893,298.1867,346.463757,294.4593,325.4999764,275.8264,200.0536309,164.307,448.7268,446.7204,446.4375,448.1243,447.8926,445.8118,441.884,436.412,407.8938,380.3935,197.3188,193.5026,21.23864,14.27001
448.4094,447.8319,442.3424,447.5675,446.6773,448.7354,446.153,446.2058,437.085,435.2769,347.3271,336.2326,123.114,106.9448,448.0952,386.9249317,448.1067,392.032662,449.0013,389.3891467,448.3302,366.5044507,436.573,353.9005603,393.2208,304.7025649,192.6076,160.0323,447.9489,447.8892,448.1152,448.467,448.5975,448.2016,446.4241,444.9653,442.2768,423.0933,394.9357,293.607,199.3034,75.21584,351.5930097,297.6978,352.2154972,298.6269,354.1152492,298.1521,350.1710481,298.0585,347.0677862,294.5171,326.2507676,276.121,200.9997144,165.2632,447.8017,447.0397,447.131,447.4766,450.1129,447.5791,441.6066,436.44,405.8071,380.6192,201.5333,192.5099,21.66485,14.34929
448.4219,448.6102,443.2432,448.2412,447.8453,448.8043,445.7182,447.1046,437.0996,434.8356,349.9383,335.8755,122.2533,107.6887,448.3894,388.361371,448.1686,391.8326666,448.9074,386.5339177,446.936,364.4377152,438.2274,350.3565869,394.7435,305.6970881,193.8937,159.5174,447.9188,446.8807,448.3105,448.031,449.0125,447.8492,447.4433,442.3441,441.2874,423.6719,394.9349,293.113,199.2832,75.69786,354.7149384,298.0898,352.4184115,299.2404,354.2836161,297.9151,348.6804179,297.8011,344.5330796,294.1258,327.4583147,275.4899,201.3730131,165.8606,446.8432,445.9254,448.0273,445.5667,446.3925,447.5498,442.0884,437.2367,406.8712,380.5837,199.5588,192.5987,21.31525,14.24422
447.3923,446.7441,441.6904,447.3205,446.2847,448.6368,447.584,446.5292,436.3669,435.2885,348.7422,335.8561,123.0811,106.8303,447.7668,389.7371151,448.847,390.0925271,448.8491,385.3893257,447.995,365.4312777,441.2805,353.4669138,393.1135,302.1662553,193.5268,159.7247,449.229,448.0813,448.8125,447.9267,447.692,447.6229,446.5764,444.8101,441.3656,422.9513,395.7609,294.0875,198.3657,75.86292,352.1502311,297.7788,350.9704979,298.424,352.3021028,299.3577,354.2796343,298.391,346.9571279,294.0514,327.4325485,275.0055,200.8457767,165.6501,448.5968,447.5927,447.6291,447.278,439.1766,446.806,440.5352,437.4622,406.9533,379.3304,200.8097,189.8333,21.04166,14.23602
447.783,447.8204,443.1281,448.6998,448.2364,448.1472,447.2451,447.2822,437.432,433.3957,346.9312,337.4813,123.3951,106.8717,447.405,388.7115157,450.1413,394.648221,449.2753,384.1114982,446.526,368.9220235,441.2221,351.9372721,395.6139,306.094318,193.124,159.2852,448.7321,449.457,448.1006,448.6687,448.2284,445.8006,447.5973,445.9205,441.3299,421.824,395.9048,293.9645,198.4563,74.72197,352.1404579,298.3331,351.5278295,298.7074,355.067302,299.5009,348.9798571,297.5359,343.7704569,294.0144,325.8364725,275.4929,200.9046823,165.9944,447.6585,448.2435,447.7966,445.9393,442.6218,445.2087,441.9734,438.1326,406.6683,380.3449,202.2854,190.3813,21.39635,14.40208
445.9365,449.5805,442.3821,448.0422,448.5698,447.3843,447.3697,447.6697,436.6331,427.9199,347.9993,335.845,123.3206,107.9158,447.0501,394.152217,449.4649,393.6239915,449.9832,386.6893247,446.1475,370.2568449,441.6952,350.9901006,394.4515,301.7984921,194.1197,159.739,449.9115,448.7193,448.1386,448.7947,447.7105,446.9154,447.3015,444.8993,441.0716,423.0319,395.2726,294.8615,198.5656,74.90311,352.9915056,298.1599,349.7604338,298.6368,355.1971677,299.8811,353.8570351,298.2511,346.5975343,294.2379,326.4983,274.8094,202.0300759,166.008,447.7771,448.2528,446.7692,446.1075,444.4629,447.2995,442.3704,438.2993,407.475,381.0701,198.2689,189.833,21.35358,14.39057
447.7612,449.3062,441.2876,448.7866,449.1728,448.3195,447.4609,446.9217,437.211,433.1403,348.3702,337.0048,122.9975,107.1193,447.417,395.7525637,447.3759,390.7116534,449.0464,384.7392489,447.4024,365.8891146,441.049,355.2967009,394.048,304.5681253,193.6222,159.9847,447.832,447.7437,447.8267,447.2639,447.8032,445.9188,443.7476,445.4212,442.5033,420.7424,395.6303,293.1397,198.098,75.60334,352.3293014,298.3667,354.0769417,299.5955,355.7077041,299.3719,351.3227599,298.0924,345.9100953,294.5796,327.2824867,274.6004,201.1342078,165.333,447.9454,447.7459,447.0379,446.7738,446.2411,445.1098,441.3207,438.3125,407.663,379.6667,199.878,194.8112,21.27984,14.17239
446.8129,448.2674,441.3112,448.4372,447.1283,447.087,446.8699,447.1046,436.6106,431.7284,348.1454,337.0786,122.6666,106.7558,446.6517,397.2544109,447.3894,390.951351,448.2974,383.9053982,448.1542,365.3436448,442.3344,352.045942,394.0561,303.7610172,192.966,159.4319,447.7166,448.5807,448.5981,448.1018,447.3837,449.0668,447.5308,445.2663,442.3323,420.8371,396.2963,292.0427,195.9617,75.8448,351.6402495,297.9068,352.1423094,298.5851,353.5666094,298.8754,349.7621835,298.6026,347.2164089,295.0739,330.4158805,275.4912,200.2553058,165.9336,448.8584,447.5169,447.2773,446.6792,445.3865,446.3776,442.2089,437.2967,404.7127,380.1301,199.3281,190.6501,21.51539,14.31016
448.7079,448.6186,441.7557,447.5594,446.7792,449.5844,445.4606,445.2425,436.6876,432.4292,348.2828,335.749,122.8766,107.8229,445.6565,394.9758054,448.8061,392.9580492,447.3321,388.1441766,447.1961,368.777817,441.839,354.8751536,393.9376,304.4744619,193.0484,159.4271,448.3535,448.7759,447.9965,447.3415,449.0718,447.3098,448.4462,445.166,441.6143,422.7223,396.0072,291.4101,197.3061,75.97199,351.9139399,297.4482,349.978215,297.8538,354.995937,298.4388,351.1686807,298.8161,341.9154929,294.4831,327.5900893,274.5084,201.7042426,165.3693,449.1185,448.4101,448.6165,448.8157,444.2572,447.3916,441.3147,438.2461,406.4738,380.1052,197.8852,194.1405,21.28779,14.34263
447.0853,448.6789,441.6111,448.2097,448.3414,447.3814,447.6761,446.6662,437.0737,431.38,349.937,335.7409,123.0776,107.0976,447.1259,393.6969879,448.7405,395.2773255,446.2838,383.9385881,447.7114,365.6982865,441.1968,353.4681035,394.2618,304.5892285,192.6627,159.7687,448.3717,447.6186,448.5345,447.7856,449.0486,448.2193,447.9296,445.3972,442.4273,421.6967,394.6325,291.9092,197.9377,75.2641,353.6649951,298.1772,354.0618182,298.2402,353.4048293,298.8776,354.5967612,298.344,346.2868454,294.5643,326.2894062,274.5758,199.0080568,164.825,447.1725,448.6167,447.4165,448.287,445.5676,446.1277,441.6933,438.7254,406.7255,377.96,200.6459,193.2517,21.59862,14.24963
448.8268,448.9656,441.9314,447.6508,448.8697,447.8991,447.9397,446.7371,437.3865,430.2767,350.012,338.7611,121.9578,107.478,447.7569,391.721396,449.1528,389.7712797,445.8035,389.6692503,447.6649,368.7050718,440.196,354.9532158,394.2061,303.5764303,193.2865,160.1742,448.6042,448.2748,448.229,448.5667,449.0043,447.3528,446.9421,444.8416,442.4145,421.0731,394.7749,293.0371,198.0266,75.48275,354.8246317,298.1895,354.0230934,297.9566,350.3304074,298.5779,351.0116338,297.3818,342.8995813,294.7012,328.7630881,275.2745,200.9700251,165.4728,446.2505,448.7284,447.6811,448.4191,445.3266,445.3903,442.2574,437.8561,408.1505,379.0848,199.2578,189.951,21.48682,14.23849
448.8782,448.8144,446.1714,447.3121,447.2545,447.0755,446.7475,445.9403,436.3971,431.5375,349.114,340.3055,123.445,108.0096,446.0297,391.5673187,447.7024,389.1885888,447.8327,384.9655046,447.731,369.2674353,439.997,352.4926388,394.4466,302.1793093,193.0144,159.5097,448.5406,448.6322,449.0065,448.5115,449.2988,447.7625,447.0376,445.7815,443.1685,420.6306,395.1598,292.3921,197.0477,75.47608,353.1106457,297.5593,352.3226868,298.3131,349.8653561,296.8936,354.6413002,298.0705,341.6463886,293.2436,328.8661997,274.8086,201.2659539,165.1806,446.0461,442.7745,446.6952,448.408,446.8062,444.8762,440.5138,437.9214,406.5996,380.2864,200.3029,194.0553,21.16716,14.29074
447.8128,448.5063,442.5184,447.4255,447.3538,447.7607,448.0995,445.6827,437.519,431.0163,349.189,336.3836,122.595,107.0986,447.2558,389.5002691,449.8702,394.0559151,449.704,383.7173303,447.6897,364.2244178,441.661,350.3772393,394.2013,305.732105,193.1857,159.6664,449.8687,447.1056,447.8792,448.6481,448.389,448.1627,447.8566,443.355,441.4085,422.5428,396.7407,292.2833,197.4255,74.63029,353.2420582,298.4043,351.0158069,297.8547,354.0767189,297.7261,351.2075997,297.9138,342.5926979,293.0447,327.831939,275.5006,199.2043375,165.2339,447.4053,448.1767,446.5087,447.4329,447.1095,445.9952,440.3991,438.5083,408.1251,379.2234,199.9542,192.2853,10.87548,14.29771
449.293,448.629,446.0238,448.6221,448.2121,447.8846,447.3793,447.1237,436.3756,429.9047,350.8091,338.6021,122.5453,108.2539,448.578,395.337041,448.1038,396.9561446,449.322,390.85255,446.694,368.7653105,443.1503,353.0877133,393.7384,303.2467352,193.6401,160.1947,449.8175,447.8794,448.5408,448.3337,448.0795,447.7449,446.6259,445.7494,443.3965,421.0405,396.7203,292.8837,196.3217,75.473,352.5091414,297.7072,351.2919247,298.089,354.5756403,299.2048,354.4643913,298.0997,343.9983758,294.1062,328.1929447,274.4157,199.890153,164.4158,446.4242,447.9245,448.0001,447.6686,446.6941,446.5543,440.0459,438.0263,405.4455,377.3004,198.7719,192.8048,10.87447,10.31402
448.0775,448.7449,446.738,448.5314,448.8757,447.9136,443.9764,446.9066,435.7238,436.0914,346.0096,340.3527,121.7228,119.7421,448.3168,390.0092839,448.8576,393.7791432,450.7349,383.705528,446.3579,363.526391,438.5669,356.3109123,395.2406,306.3253764,193.492,159.7074,448.0566,448.9385,444.7139,448.5613,446.1171,446.9119,447.6966,444.8841,440.8982,422.8254,397.2581,290.8889,197.4815,75.09278,353.0522786,297.9143,352.9031969,297.7684,352.149635,298.0177,353.896863,298.9423,346.6786986,296.4434,325.7784342,275.6256,199.5214214,163.7596,447.1449,446.5872,447.1386,442.9896,447.6323,446.8917,442.9181,438.5255,401.3016,375.2642,200.9241,202.5238,10.78558,5.942166
447.0267,445.3876,448.247,447.7998,447.8851,447.7354,445.0377,446.2425,434.7628,433.0383,347.9432,339.1682,122.0777,119.2292,448.676,393.6857533,448.7866,389.811847,451.0509,389.730669,446.6774,368.7750101,439.6124,352.7268859,393.77,304.7706198,194.6954,159.2751,448.6987,447.4382,447.3138,447.8666,447.654,448.7033,447.0546,445.8719,440.8054,423.4463,393.3839,290.7116,196.001,75.09826,353.389759,298.5997,350.7823903,296.4567,351.1451423,298.2935,351.814212,298.8771,349.9416041,296.6537,327.4583358,276.2196,198.1736972,163.9832,447.3827,445.1734,447.8206,444.3514,447.9785,445.008,442.9719,438.0545,407.5506,379.116,200.8862,201.3496,10.78797,5.792091
445.9073,448.6272,448.4647,448.323,448.0221,448.2241,444.0541,446.8565,435.4272,428.3458,348.4562,339.6402,122.2761,120.0218,448.5509,395.695207,448.2196,389.5489735,449.4043,390.5393849,446.0029,365.5983906,440.2521,349.5252449,394.8765,307.1629548,194.3341,159.767,447.6431,446.6344,445.6692,448.2929,447.0072,447.8355,445.1923,446.4011,442.5319,424.2691,395.4192,290.8532,197.1735,75.04305,353.493637,298.1031,352.1870214,298.3498,349.6990536,298.1745,354.9395919,298.5144,347.8703975,295.7981,330.2673687,275.8688,200.2960825,164.8012,440.4448,448.5864,448.0176,443.5271,448.2505,446.3299,443.7671,437.8674,399.8972,381.6299,199.8463,202.6214,10.81401,5.988222
447.6127,447.9503,448.1469,447.7519,447.6164,447.2771,444.1838,446.8512,434.7072,431.8116,350.7577,340.5015,122.308,119.7837,448.1454,393.6973406,448.553,393.5394069,449.7332,385.9912467,445.5184,370.4353984,439.5385,352.6123131,392.5913,304.4744613,193.3675,159.9853,447.3598,446.31,445.6686,449.306,447.5379,447.9093,447.4415,446.8254,442.9889,422.3918,394.9252,287.8488,197.9603,74.75794,353.5497199,297.7662,351.27766,298.8834,350.3379289,298.5894,355.1768494,299.0132,346.1461447,296.5967,330.4884998,275.8968,200.4660455,164.6863,447.9167,448.7554,442.1119,444.8194,447.394,448.1538,442.3001,437.8411,404.8795,377.8938,200.0827,201.7323,9.645325,6.561439
446.7446,447.4972,448.5049,447.6812,448.3115,449.1363,444.6393,446.7561,435.4278,431.4946,349.5287,339.6784,122.3308,119.1679,447.7889,393.7805942,446.2909,389.9731469,448.0955,385.0909845,445.5998,369.5517514,441.0875,351.9497116,394.5753,302.9072296,193.9058,160.1608,447.0812,448.1081,445.3891,448.3978,447.7028,447.2039,448.0542,444.9181,442.571,422.0701,396.546,290.8837,196.7914,74.52022,354.5322715,298.717,351.8529209,298.8389,354.9447099,299.0116,350.6651186,299.1232,346.4403884,296.7522,329.9640751,275.4889,196.9496553,163.4749,446.5888,449.6242,447.0501,443.964,447.8898,447.1526,442.9505,437.8842,401.8859,375.9236,200.955,201.9277,10.7766,5.952204
448.1566,447.8591,449.1003,448.0537,446.9452,447.7987,445.2125,446.6919,436.4281,432.7034,350.8754,339.581,122.161,118.9898,446.8994,391.6411326,449.0034,395.4768008,449.2776,387.0285837,445.2162,369.1975944,440.442,350.83413,394.4382,302.4312103,194.9008,159.8844,447.9119,448.1116,444.3321,447.8593,448.9234,447.9039,447.6618,446.8447,440.758,419.1122,395.2017,289.2155,197.5501,74.71502,354.733221,298.3308,355.0396717,299.079,351.4864534,299.0178,351.3312015,299.4283,347.0572454,296.3262,325.1256703,273.5919,196.100325,163.2333,444.7538,448.2849,445.3629,443.1743,448.4585,446.3853,443.197,439.1371,407.316,378.1842,198.5496,200.507,10.75623,5.864744
448.9518,448.8519,448.8641,444.3125,447.249,449.5998,444.0391,446.04,436.1953,431.0017,347.5172,338.966,121.802,118.8039,447.7573,389.8035229,446.9738,389.8102129,449.4358,387.2400486,446.2248,367.4200733,441.6249,354.2391452,395.4327,304.1565339,194.5091,159.8381,448.4128,448.5445,445.1285,447.3567,447.8124,447.7558,447.1187,446.1433,441.7714,422.363,395.8265,290.2021,198.442,74.92433,352.8357487,297.9151,355.0264117,299.3755,352.6962472,298.7331,349.449006,298.2843,348.0298689,296.2965,329.7160425,275.627,197.8618155,164.527,445.803,448.8905,447.5384,442.7587,448.1083,447.5286,444.2028,439.1112,407.3142,380.0792,198.9402,202.8358,10.76179,5.94753
446.8249,448.8841,449.4864,446.136,447.1703,448.7947,444.42,447.159,435.3487,429.9225,348.467,338.8654,122.2799,119.4775,448.4535,390.0999282,447.0892,389.9261907,450.7471,385.9133233,445.5795,369.8239502,441.1307,349.848437,393.8812,305.5815457,193.7697,159.6746,447.1387,447.6505,445.0587,447.7068,447.5515,447.4258,446.7481,445.0765,441.7314,423.8916,395.8882,289.1555,198.131,74.42036,355.0581699,298.4585,352.9150716,298.8501,353.9387247,298.1767,350.6340526,298.6051,349.1502622,296.3421,327.4170296,275.7916,198.9510747,163.2821,444.9209,448.3185,447.2022,436.4059,447.1472,447.3471,444.163,436.6845,407.4543,380.41,202.5659,203.0539,10.84364,5.796289
448.2028,448.5857,448.2801,446.9056,447.6657,447.9148,444.3976,444.8612,435.1502,431.5241,348.0167,337.6524,122.5171,120.2451,447.4748,389.9601133,446.9598,397.0956839,450.0412,387.8273266,446.9526,366.2190605,441.9376,352.0383393,394.6035,306.3075432,194.7363,159.5557,448.3346,448.4391,445.9124,447.607,446.2579,448.0955,448.2392,441.7495,440.4913,424.2462,396.4703,289.9031,198.7835,74.75081,352.7910202,298.6262,354.7945725,298.6612,352.9705477,298.4119,350.9978237,298.8589,346.3282817,296.4378,328.0639077,275.4733,199.5047484,164.5305,446.5789,448.6387,448.2055,442.8928,446.7039,446.884,444.3813,438.0317,404.1254,381.6568,202.4478,202.6773,10.77376,5.77774
446.9253,447.6288,448.9863,447.0479,447.5735,448.1287,444.6952,445.7463,435.3928,432.3304,347.6269,338.5459,122.1393,119.8762,445.1759,387.49581,447.6308,392.0235291,448.9597,384.1855988,444.942,365.9396087,441.1799,353.1599772,392.6228,304.493734,194.0007,159.2749,448.7077,448.6222,445.5075,448.0516,447.0036,447.1683,448.1083,442.6688,441.1265,421.5722,394.9674,290.5014,198.7125,74.53704,353.8306072,298.0354,349.9509449,298.285,353.7230171,297.9247,354.374049,298.37,349.2322871,296.8375,326.596871,275.5092,199.5839757,165.1447,445.4539,449.2281,447.12,442.7679,447.898,446.1347,443.8369,438.6254,406.5529,379.6683,201.6142,201.6575,9.672863,5.991622
446.9438,448.2545,448.4993,446.5948,448.0082,448.5094,444.3187,447.6373,436.6077,429.7154,345.5107,337.9128,122.1998,118.8361,446.4899,390.9337922,448.2162,393.1018281,448.7952,390.9513919,446.1014,366.4690359,442.2857,354.1409904,395.3194,302.1372841,194.7622,159.271,446.5856,449.2308,445.0828,448.1856,446.6643,447.6763,447.2921,441.6376,441.3179,423.9231,395.9579,287.4716,197.9108,74.86692,353.7191781,297.8437,349.9632128,298.3336,353.5676101,298.5154,351.0600193,297.8998,348.3068295,296.0056,329.9919225,276.4145,200.9551593,165.6638,447.1316,448.592,447.2209,442.9902,447.8913,446.1913,442.2041,435.7117,404.3755,380.2986,196.5799,201.0715,10.79516,6.463004
445.4216,446.9301,448.2823,446.6103,448.8961,448.7363,444.8895,446.0322,436.1315,431.1628,345.8463,338.9372,122.6628,119.7894,447.3764,390.3037593,447.5839,395.0893644,448.3411,383.9959157,445.8134,368.8097494,441.4785,354.2533519,396.4552,307.3766919,194.0846,159.7624,448.725,448.8127,444.1732,448.2082,448.8215,448.2268,448.4269,442.9626,441.4027,422.9987,394.2818,290.7504,198.02,75.04756,352.6150511,297.7187,353.2528635,297.7996,349.7629323,298.3918,353.8508983,297.6839,345.7444252,296.0749,329.1960421,276.733,198.2549881,164.9472,448.3844,447.8217,448.6953,441.582,447.212,446.5151,444.4285,433.3098,406.8145,380.935,201.5112,199.781,10.80458,5.789987
447.0423,448.1277,449.0368,447.5126,449.4317,448.716,443.7577,447.0872,437.1636,431.3635,343.939,336.8481,122.9575,119.6703,448.0817,393.0825813,447.9943,394.7072196,447.9083,382.8091584,445.1055,366.7435837,440.8877,353.1912855,395.3009,305.8940934,194.6104,159.1107,446.6153,447.8319,447.6644,448.737,446.6267,447.2959,448.1958,440.8881,442.8434,423.3536,395.639,290.8369,198.5706,75.35006,352.9762501,297.6944,353.7875104,299.1127,352.8526016,298.0174,351.3671759,298.9265,348.500719,295.9591,329.1638317,276.2044,199.0873087,165.067,447.6942,448.342,447.6375,442.5479,445.886,443.7154,442.6853,432.9261,406.9044,380.4159,199.4025,202.0288,10.76842,5.808647
444.2827,449.849,448.2537,446.1023,449.2503,449.6633,444.244,447.0933,436.5849,431.0958,346.9414,338.7114,122.1836,88.10976,447.6837,396.1754706,448.3447,393.2203158,449.2725,386.7616945,446.4852,367.5665508,442.2067,354.1028318,392.7843,302.3880247,194.5335,159.3381,448.393,448.6631,448.6698,447.569,446.7274,448.1313,447.1361,441.3209,443.0513,423.0209,396.6201,288.7986,196.8935,75.05136,352.4761386,297.6743,354.3882529,299.1628,349.6574681,297.5555,351.0081516,298.243,343.5110385,296.1251,327.7521724,275.4544,201.3099836,165.6327,447.3366,447.2989,447.378,443.4712,447.0666,446.3935,444.3433,435.1042,407.5765,379.6336,201.5431,202.6354,10.78176,5.997186
447.3253,449.2844,448.0511,447.1042,448.4155,448.1119,445.5667,446.226,435.5734,428.3586,346.3046,338.1182,121.9553,96.74338,447.8229,396.1883683,449.2017,395.0843353,449.1691,386.5771976,445.2345,367.8657407,441.053,355.0008102,394.2863,305.3975708,194.4412,160.0799,448.7206,448.5152,448.921,448.1816,447.7821,447.5774,445.4003,440.5895,442.4044,423.5541,395.1949,290.3301,196.3424,74.09251,353.3441295,298.1807,353.0528276,298.7593,353.1074857,297.3036,353.0119973,297.7798,344.3086382,296.5979,330.3164118,275.5668,198.4801108,164.7507,448.2078,447.9811,447.7955,443.1537,448.3466,445.6126,444.3789,432.9715,405.1716,380.9184,201.8167,202.2707,10.75977,6.449918
447.7152,448.2384,448.4933,448.0751,449.2535,448.0244,447.4125,446.3431,436.5026,430.3583,347.1001,338.4098,122.6157,95.71594,448.5725,392.1624337,448.0392,392.7679474,449.1058,388.9277842,445.8736,369.6164931,442.2299,349.534851,394.8751,306.2861229,192.8412,160.2917,448.363,449.2761,448.2002,447.847,448.7267,446.6074,446.4039,441.5235,444.1505,421.4074,394.2672,290.7425,198.2174,74.76269,351.8943856,297.8874,353.6280429,298.4354,350.1927525,297.7146,352.2483723,298.1492,350.2648595,296.9378,326.1139843,275.5691,198.3415388,165.0453,446.8637,449.4638,447.8359,448.0769,448.1557,445.8731,444.0328,433.4803,406.9121,377.2965,200.9494,202.5714,9.676661,5.977749
445.7002,448.0053,449.8795,447.9178,447.9327,448.2183,446.8647,445.9287,436.1915,429.5405,348.2676,338.064,121.9901,96.31277,449.545,395.4214538,446.884,392.1739627,448.5773,383.4105087,447.0367,369.8131388,441.7333,352.9655029,394.0749,301.6872735,194.8663,159.7074,448.7039,449.7874,447.4524,448.2715,447.5249,447.3709,446.5322,442.1752,443.2339,423.1357,394.8789,288.1191,198.1142,75.74027,353.4288524,298.0359,351.6950979,298.3501,351.2265572,298.0993,351.0276053,298.143,347.2048556,296.2701,323.9236212,274.3395,199.764353,165.0986,448.0284,449.4494,444.8621,447.6954,447.5935,444.599,443.9508,433.0829,405.3393,379.8709,198.2378,202.716,10.69849,5.767276
446.8177,449.5537,448.2305,447.401,449.6345,448.7723,446.7637,446.5264,437.6236,431.2551,347.0758,337.5544,122.463,96.73707,448.8024,391.3269081,446.5929,389.4144731,450.0532,383.435229,445.31,369.9084023,442.5689,350.291826,394.2551,307.5466314,195.1562,159.8157,447.8321,448.7219,448.2524,448.5353,448.0623,448.5561,445.8775,440.7759,442.1839,423.462,395.019,290.2918,198.0607,74.59724,352.9331369,297.4774,352.7281116,298.8892,350.2903488,297.5977,353.5966174,297.4875,346.6966863,295.8592,328.210502,275.9718,197.2062675,163.7477,447.5501,443.6154,446.2395,446.1596,448.5292,446.4803,443.8849,433.0331,406.6502,381.3718,198.7624,203.3488,10.86847,5.804754
446.4354,448.9027,449.7118,446.6229,449.0166,448.3836,448.1626,446.602,436.5094,430.8847,346.7101,336.9133,122.5423,96.44861,448.6961,394.4384413,446.236,390.3902325,449.3173,386.9936527,445.9194,366.7722964,440.8108,354.4998664,394.5138,303.4588161,195.0411,159.6083,447.1965,448.2889,446.0747,447.373,447.3982,447.9366,447.5483,443.0868,442.357,423.2482,395.9279,289.5232,198.8275,74.90239,352.8521471,297.1862,354.7819408,298.7084,352.7611083,296.6997,350.0942528,297.7473,349.3747325,297.148,326.0334943,276.1077,201.022721,165.2563,447.3645,446.8526,448.1132,447.3075,448.6043,444.71,444.7346,434.4313,405.9268,380.7903,202.333,202.0029,10.73373,6.471124
447.975,447.3767,448.9213,446.692,448.2863,447.8551,446.6517,444.6573,436.9898,430.5821,345.8503,337.9342,121.7169,95.59972,447.5301,390.2570941,447.4692,390.5434635,449.1537,386.2141151,446.4035,366.9388842,441.9441,353.0813609,396.1139,302.9573177,194.7718,159.8608,449.9085,448.6603,447.5232,448.2863,447.8926,448.22,447.627,441.8693,441.2192,423.4136,395.1515,291.5292,197.9403,75.09801,353.3698512,298.4089,351.667275,297.9196,352.3754851,298.0348,354.4176408,297.87,349.6615293,297.0559,326.69936,275.8493,200.0336405,166.2486,446.2137,446.6183,445.4337,447.6032,447.9366,444.7238,444.1466,434.5031,404.1405,382.2605,198.8029,202.1985,10.80475,5.945519